date,latitude,longitude,weather_code,temperature_2m_max,temperature_2m_min,precipitation_sum,snowfall_sum,precipitation_hours,wind_speed_10m_max,wind_gusts_10m_max,wind_direction_10m_dominant,ARPT_ID
2023-01-01 00:00:00+00:00,29.98443527,-95.3414425,51.0,25.925999,14.526,0.70000005,0.0,5.0,20.056877,37.44,187.56195,IAH
2023-01-02 00:00:00+00:00,29.98443527,-95.3414425,65.0,23.425999,20.626,26.1,0.0,13.0,27.869207,53.639996,166.06828,IAH
2023-01-03 00:00:00+00:00,29.98443527,-95.3414425,65.0,24.276,18.075998,29.0,0.0,10.0,23.233252,47.519997,240.42226,IAH
2023-01-04 00:00:00+00:00,29.98443527,-95.3414425,3.0,19.675999,10.226,0.0,0.0,0.0,14.044615,28.08,296.35812,IAH
2023-01-05 00:00:00+00:00,29.98443527,-95.3414425,3.0,19.976,8.026,0.0,0.0,0.0,10.823973,19.44,49.01426,IAH
2023-01-06 00:00:00+00:00,29.98443527,-95.3414425,0.0,24.276,9.676,0.0,0.0,0.0,20.188908,39.6,122.51882,IAH
2023-01-07 00:00:00+00:00,29.98443527,-95.3414425,61.0,24.476,15.076,4.3999996,0.0,7.0,15.827721,29.16,167.88525,IAH
2023-01-08 00:00:00+00:00,29.98443527,-95.3414425,63.0,20.675999,12.076,9.6,0.0,10.0,19.35314,36.0,348.81537,IAH
2023-01-09 00:00:00+00:00,29.98443527,-95.3414425,3.0,18.825998,9.326,0.0,0.0,0.0,11.212135,24.48,67.380104,IAH
2023-01-10 00:00:00+00:00,29.98443527,-95.3414425,51.0,22.276,11.326,0.2,0.0,2.0,16.80857,32.760002,202.79926,IAH
2023-01-11 00:00:00+00:00,29.98443527,-95.3414425,51.0,25.675999,16.675999,0.4,0.0,4.0,24.014996,46.079998,210.90999,IAH
2023-01-12 00:00:00+00:00,29.98443527,-95.3414425,51.0,22.126,14.176,0.3,0.0,1.0,26.178707,49.32,276.94086,IAH
2023-01-13 00:00:00+00:00,29.98443527,-95.3414425,2.0,14.626,5.726,0.0,0.0,0.0,19.839235,38.16,345.24832,IAH
2023-01-14 00:00:00+00:00,29.98443527,-95.3414425,1.0,15.576,2.626,0.0,0.0,0.0,15.9134655,30.960001,79.78431,IAH
2023-01-15 00:00:00+00:00,29.98443527,-95.3414425,3.0,22.526,10.276,0.0,0.0,0.0,29.162226,53.28,157.48827,IAH
2023-01-16 00:00:00+00:00,29.98443527,-95.3414425,51.0,23.626,17.526,1.2,0.0,8.0,24.95452,47.16,186.27208,IAH
2023-01-17 00:00:00+00:00,29.98443527,-95.3414425,51.0,23.876,16.226,0.3,0.0,3.0,12.10157,27.0,191.7084,IAH
2023-01-18 00:00:00+00:00,29.98443527,-95.3414425,61.0,23.276,19.425999,8.8,0.0,10.0,24.609364,50.039997,168.76718,IAH
2023-01-19 00:00:00+00:00,29.98443527,-95.3414425,3.0,19.026,10.826,0.0,0.0,0.0,15.725037,32.039997,317.07715,IAH
2023-01-20 00:00:00+00:00,29.98443527,-95.3414425,63.0,14.776,9.526,4.9,0.0,2.0,15.530151,29.519999,37.889194,IAH
2023-01-21 00:00:00+00:00,29.98443527,-95.3414425,61.0,13.326,8.876,5.8999996,0.0,14.0,16.039202,31.319998,68.51303,IAH
2023-01-22 00:00:00+00:00,29.98443527,-95.3414425,51.0,14.476,6.526,0.2,0.0,2.0,18.626305,37.079998,322.87964,IAH
2023-01-23 00:00:00+00:00,29.98443527,-95.3414425,3.0,13.676,2.276,0.0,0.0,0.0,17.399586,35.64,54.88646,IAH
2023-01-24 00:00:00+00:00,29.98443527,-95.3414425,65.0,18.325998,8.526,72.399994,0.0,13.0,31.956968,68.4,94.36283,IAH
2023-01-25 00:00:00+00:00,29.98443527,-95.3414425,3.0,11.876,4.476,0.0,0.0,0.0,21.611996,41.399998,309.14047,IAH
2023-01-26 00:00:00+00:00,29.98443527,-95.3414425,1.0,13.276,1.576,0.0,0.0,0.0,11.043261,26.64,347.086,IAH
2023-01-27 00:00:00+00:00,29.98443527,-95.3414425,3.0,13.876,2.726,0.0,0.0,0.0,11.119281,21.96,159.56718,IAH
2023-01-28 00:00:00+00:00,29.98443527,-95.3414425,63.0,20.425999,10.926,15.7,0.0,13.0,21.9718,39.96,153.71724,IAH
2023-01-29 00:00:00+00:00,29.98443527,-95.3414425,65.0,21.126,17.376,27.400002,0.0,18.0,21.129885,37.44,187.13582,IAH
2023-01-30 00:00:00+00:00,29.98443527,-95.3414425,55.0,19.226,6.526,3.5,0.0,7.0,17.533146,39.6,350.7511,IAH
2023-01-31 00:00:00+00:00,29.98443527,-95.3414425,53.0,6.526,2.676,4.5,0.0,15.0,19.164719,38.88,353.27432,IAH
2023-02-01 00:00:00+00:00,29.98443527,-95.3414425,61.0,7.576,2.776,8.000001,0.0,13.0,18.204042,34.56,9.843386,IAH
2023-02-02 00:00:00+00:00,29.98443527,-95.3414425,63.0,6.076,3.676,17.3,0.0,17.0,19.64228,36.719997,348.72708,IAH
2023-02-03 00:00:00+00:00,29.98443527,-95.3414425,61.0,14.376,3.676,1.7,0.0,2.0,18.057508,34.56,348.1045,IAH
2023-02-04 00:00:00+00:00,29.98443527,-95.3414425,3.0,16.226,2.276,0.0,0.0,0.0,12.496719,26.28,92.29819,IAH
2023-02-05 00:00:00+00:00,29.98443527,-95.3414425,51.0,21.476,7.026,0.2,0.0,2.0,13.513193,28.08,158.68202,IAH
2023-02-06 00:00:00+00:00,29.98443527,-95.3414425,51.0,22.675999,12.876,0.1,0.0,1.0,24.609364,45.719997,162.3719,IAH
2023-02-07 00:00:00+00:00,29.98443527,-95.3414425,53.0,23.425999,15.676,1.7,0.0,7.0,25.277025,47.16,139.10448,IAH
2023-02-08 00:00:00+00:00,29.98443527,-95.3414425,63.0,24.476,13.326,9.4,0.0,15.0,26.242987,48.6,172.76593,IAH
2023-02-09 00:00:00+00:00,29.98443527,-95.3414425,3.0,20.325998,4.326,0.0,0.0,0.0,14.77755,32.039997,235.30475,IAH
2023-02-10 00:00:00+00:00,29.98443527,-95.3414425,3.0,15.976,7.226,0.0,0.0,0.0,26.242987,48.6,328.29385,IAH
2023-02-11 00:00:00+00:00,29.98443527,-95.3414425,3.0,11.126,2.826,0.0,0.0,0.0,23.219301,43.92,326.69833,IAH
2023-02-12 00:00:00+00:00,29.98443527,-95.3414425,3.0,16.626,2.426,0.0,0.0,0.0,12.594856,34.56,296.318,IAH
2023-02-13 00:00:00+00:00,29.98443527,-95.3414425,3.0,21.376,4.876,0.0,0.0,0.0,14.689589,27.72,190.56094,IAH
2023-02-14 00:00:00+00:00,29.98443527,-95.3414425,53.0,24.925999,13.676,2.3000002,0.0,8.0,29.055367,60.839996,185.6464,IAH
2023-02-15 00:00:00+00:00,29.98443527,-95.3414425,53.0,24.825998,16.126,2.2,0.0,9.0,24.50381,46.8,175.11432,IAH
2023-02-16 00:00:00+00:00,29.98443527,-95.3414425,61.0,21.825998,11.626,7.6000004,0.0,9.0,28.467329,50.399998,318.8481,IAH
2023-02-17 00:00:00+00:00,29.98443527,-95.3414425,3.0,12.076,2.476,0.0,0.0,0.0,24.826952,47.519997,346.33194,IAH
2023-02-18 00:00:00+00:00,29.98443527,-95.3414425,3.0,12.976,0.976,0.0,0.0,0.0,11.792404,29.519999,51.260586,IAH
2023-02-19 00:00:00+00:00,29.98443527,-95.3414425,3.0,21.476,6.126,0.0,0.0,0.0,14.799459,28.8,189.44339,IAH
2023-02-20 00:00:00+00:00,29.98443527,-95.3414425,51.0,25.425999,15.626,0.70000005,0.0,5.0,24.312662,45.36,216.0057,IAH
2023-02-21 00:00:00+00:00,29.98443527,-95.3414425,51.0,26.675999,18.476,0.5,0.0,5.0,24.569832,46.8,208.51677,IAH
2023-02-22 00:00:00+00:00,29.98443527,-95.3414425,63.0,27.575998,19.925999,5.0999994,0.0,5.0,26.795223,52.56,182.04385,IAH
2023-02-23 00:00:00+00:00,29.98443527,-95.3414425,51.0,27.476,20.726,0.3,0.0,3.0,15.978484,28.44,156.41904,IAH
2023-02-24 00:00:00+00:00,29.98443527,-95.3414425,53.0,25.626,19.726,1.8000001,0.0,8.0,16.299694,35.64,136.78293,IAH
2023-02-25 00:00:00+00:00,29.98443527,-95.3414425,51.0,25.376,17.776,1.1,0.0,7.0,14.512064,24.84,135.64662,IAH
2023-02-26 00:00:00+00:00,29.98443527,-95.3414425,51.0,26.675999,19.376,0.90000004,0.0,5.0,25.099514,48.239998,158.49031,IAH
2023-02-27 00:00:00+00:00,29.98443527,-95.3414425,51.0,25.976,20.276,0.70000005,0.0,3.0,24.842607,43.92,215.33784,IAH
2023-02-28 00:00:00+00:00,29.98443527,-95.3414425,51.0,27.575998,12.926,0.3,0.0,2.0,14.277983,26.64,222.73108,IAH
2023-03-01 00:00:00+00:00,29.98443527,-95.3414425,51.0,28.075998,20.526,0.3,0.0,3.0,30.619051,56.16,172.97578,IAH
2023-03-02 00:00:00+00:00,29.98443527,-95.3414425,53.0,26.175999,22.026,3.1000001,0.0,13.0,32.19938,59.399998,152.0338,IAH
2023-03-03 00:00:00+00:00,29.98443527,-95.3414425,63.0,22.825998,11.726,3.6,0.0,4.0,32.048088,60.479996,284.15112,IAH
2023-03-04 00:00:00+00:00,29.98443527,-95.3414425,0.0,23.776,8.376,0.0,0.0,0.0,10.661107,24.48,49.32237,IAH
2023-03-05 00:00:00+00:00,29.98443527,-95.3414425,0.0,24.126,10.076,0.0,0.0,0.0,14.529915,30.239998,142.63832,IAH
2023-03-06 00:00:00+00:00,29.98443527,-95.3414425,61.0,26.226,14.126,4.799999,0.0,9.0,12.181624,25.919998,172.33961,IAH
2023-03-07 00:00:00+00:00,29.98443527,-95.3414425,51.0,27.175999,20.126,1.8000002,0.0,12.0,14.021525,32.039997,151.9465,IAH
2023-03-08 00:00:00+00:00,29.98443527,-95.3414425,51.0,28.126,18.626,0.8,0.0,7.0,14.05845,24.48,150.2552,IAH
2023-03-09 00:00:00+00:00,29.98443527,-95.3414425,51.0,29.226,19.526,0.2,0.0,2.0,16.75064,33.48,175.23642,IAH
2023-03-10 00:00:00+00:00,29.98443527,-95.3414425,51.0,25.226,19.325998,0.4,0.0,3.0,17.654688,35.28,287.176,IAH
2023-03-11 00:00:00+00:00,29.98443527,-95.3414425,51.0,29.276,17.925999,0.4,0.0,3.0,24.967497,47.519997,194.08913,IAH
2023-03-12 00:00:00+00:00,29.98443527,-95.3414425,51.0,27.425999,20.776,0.1,0.0,1.0,26.564486,51.12,237.9198,IAH
2023-03-13 00:00:00+00:00,29.98443527,-95.3414425,3.0,21.175999,11.976,0.0,0.0,0.0,22.545315,47.519997,27.760857,IAH
2023-03-14 00:00:00+00:00,29.98443527,-95.3414425,51.0,18.376,10.276,0.2,0.0,1.0,16.87398,35.64,62.87073,IAH
2023-03-15 00:00:00+00:00,29.98443527,-95.3414425,3.0,20.675999,8.526,0.0,0.0,0.0,19.878391,39.96,100.66402,IAH
2023-03-16 00:00:00+00:00,29.98443527,-95.3414425,63.0,23.476,15.426,7.0000005,0.0,10.0,28.112288,51.839996,161.88484,IAH
2023-03-17 00:00:00+00:00,29.98443527,-95.3414425,65.0,21.026,7.326,56.500008,0.0,17.0,28.551426,54.36,334.15,IAH
2023-03-18 00:00:00+00:00,29.98443527,-95.3414425,53.0,12.176,8.476,0.9000001,0.0,4.0,17.698677,37.079998,5.7684407,IAH
2023-03-19 00:00:00+00:00,29.98443527,-95.3414425,3.0,13.426,4.576,0.0,0.0,0.0,16.23596,30.960001,356.36575,IAH
2023-03-20 00:00:00+00:00,29.98443527,-95.3414425,3.0,13.176,4.026,0.0,0.0,0.0,20.883102,37.44,100.51918,IAH
2023-03-21 00:00:00+00:00,29.98443527,-95.3414425,53.0,22.776,10.526,2.9999998,0.0,11.0,34.04047,63.72,145.67886,IAH
2023-03-22 00:00:00+00:00,29.98443527,-95.3414425,55.0,26.226,18.825998,2.4999998,0.0,8.0,25.721743,47.88,168.88005,IAH
2023-03-23 00:00:00+00:00,29.98443527,-95.3414425,51.0,27.976,20.175999,0.70000005,0.0,4.0,29.522196,54.719997,162.69287,IAH
2023-03-24 00:00:00+00:00,29.98443527,-95.3414425,63.0,27.726,21.425999,5.4000006,0.0,9.0,28.185955,63.0,179.99998,IAH
2023-03-25 00:00:00+00:00,29.98443527,-95.3414425,61.0,26.976,15.276,3.1999998,0.0,4.0,18.043148,30.599998,275.08292,IAH
2023-03-26 00:00:00+00:00,29.98443527,-95.3414425,63.0,23.425999,13.376,15.0,0.0,9.0,15.745627,39.6,81.86997,IAH
2023-03-27 00:00:00+00:00,29.98443527,-95.3414425,51.0,26.226,17.726,0.8,0.0,6.0,13.910169,27.359999,53.64268,IAH
2023-03-28 00:00:00+00:00,29.98443527,-95.3414425,51.0,23.925999,17.675999,0.5,0.0,4.0,25.233406,48.6,14.557432,IAH
2023-03-29 00:00:00+00:00,29.98443527,-95.3414425,63.0,21.126,13.426,5.0,0.0,5.0,15.844089,31.319998,49.887062,IAH
2023-03-30 00:00:00+00:00,29.98443527,-95.3414425,51.0,24.075998,15.076,1.1,0.0,7.0,29.546328,53.639996,124.15495,IAH
2023-03-31 00:00:00+00:00,29.98443527,-95.3414425,53.0,28.876,20.276,2.7999997,0.0,10.0,30.190672,63.72,175.59799,IAH
2023-04-01 00:00:00+00:00,29.98443527,-95.3414425,3.0,29.876,18.526,0.0,0.0,0.0,13.324863,41.399998,323.86447,IAH
2023-04-02 00:00:00+00:00,29.98443527,-95.3414425,63.0,27.526,16.476,5.0,0.0,7.0,22.392462,51.48,135.2992,IAH
2023-04-03 00:00:00+00:00,29.98443527,-95.3414425,51.0,30.925999,21.325998,0.4,0.0,4.0,21.09305,39.96,187.56943,IAH
2023-04-04 00:00:00+00:00,29.98443527,-95.3414425,51.0,29.126,21.626,0.90000004,0.0,6.0,29.834423,57.239998,167.0439,IAH
2023-04-05 00:00:00+00:00,29.98443527,-95.3414425,65.0,27.276,19.175999,40.9,0.0,9.0,27.416782,49.32,155.1087,IAH
2023-04-06 00:00:00+00:00,29.98443527,-95.3414425,65.0,18.876,13.676,32.700005,0.0,11.0,23.266697,43.199997,15.753795,IAH
2023-04-07 00:00:00+00:00,29.98443527,-95.3414425,63.0,17.175999,13.226,29.000002,0.0,19.0,25.171696,45.36,30.94584,IAH
2023-04-08 00:00:00+00:00,29.98443527,-95.3414425,61.0,22.175999,11.976,2.8999999,0.0,4.0,18.723461,33.839996,3.9666371,IAH
2023-04-09 00:00:00+00:00,29.98443527,-95.3414425,51.0,22.675999,15.576,0.3,0.0,3.0,10.086427,21.96,31.027817,IAH
2023-04-10 00:00:00+00:00,29.98443527,-95.3414425,51.0,20.276,15.726,0.3,0.0,2.0,11.183201,23.759998,56.22411,IAH
2023-04-11 00:00:00+00:00,29.98443527,-95.3414425,51.0,23.976,13.976,0.6,0.0,4.0,13.608762,27.359999,40.389275,IAH
2023-04-12 00:00:00+00:00,29.98443527,-95.3414425,61.0,23.226,12.776,3.2,0.0,5.0,17.339897,34.2,58.877613,IAH
2023-04-13 00:00:00+00:00,29.98443527,-95.3414425,51.0,24.075998,12.426,0.6,0.0,5.0,9.0,22.319998,49.763695,IAH
2023-04-14 00:00:00+00:00,29.98443527,-95.3414425,51.0,26.575998,14.026,0.2,0.0,1.0,22.55106,43.92,165.63216,IAH
2023-04-15 00:00:00+00:00,29.98443527,-95.3414425,65.0,28.825998,20.075998,10.500001,0.0,6.0,16.981165,33.48,159.47607,IAH
2023-04-16 00:00:00+00:00,29.98443527,-95.3414425,61.0,23.075998,13.076,1.7,0.0,1.0,22.68,40.32,6.062289,IAH
2023-04-17 00:00:00+00:00,29.98443527,-95.3414425,2.0,23.226,9.526,0.0,0.0,0.0,17.148247,33.48,73.322845,IAH
2023-04-18 00:00:00+00:00,29.98443527,-95.3414425,51.0,23.876,13.826,0.90000004,0.0,5.0,23.185787,44.639996,155.8068,IAH
2023-04-19 00:00:00+00:00,29.98443527,-95.3414425,51.0,27.376,18.026,0.1,0.0,1.0,25.14852,47.88,156.51898,IAH
2023-04-20 00:00:00+00:00,29.98443527,-95.3414425,63.0,24.575998,20.626,10.200001,0.0,9.0,21.194187,43.56,149.41228,IAH
2023-04-21 00:00:00+00:00,29.98443527,-95.3414425,65.0,26.675999,18.675999,58.8,0.0,12.0,14.84318,32.399998,34.777767,IAH
2023-04-22 00:00:00+00:00,29.98443527,-95.3414425,0.0,24.876,14.376,0.0,0.0,0.0,19.107151,36.719997,84.32588,IAH
2023-04-23 00:00:00+00:00,29.98443527,-95.3414425,61.0,21.575998,14.626,3.6,0.0,8.0,20.88,39.239998,59.80728,IAH
2023-04-24 00:00:00+00:00,29.98443527,-95.3414425,3.0,23.526,12.576,0.0,0.0,0.0,18.11841,38.16,41.374733,IAH
2023-04-25 00:00:00+00:00,29.98443527,-95.3414425,61.0,23.925999,13.976,2.3,0.0,6.0,17.447933,34.2,104.61767,IAH
2023-04-26 00:00:00+00:00,29.98443527,-95.3414425,55.0,25.276,17.575998,4.8,0.0,12.0,16.375053,34.92,108.008255,IAH
2023-04-27 00:00:00+00:00,29.98443527,-95.3414425,65.0,24.876,16.726,19.6,0.0,6.0,20.06334,42.839996,232.89563,IAH
2023-04-28 00:00:00+00:00,29.98443527,-95.3414425,3.0,26.976,13.126,0.0,0.0,0.0,20.570463,40.68,121.29766,IAH
2023-04-29 00:00:00+00:00,29.98443527,-95.3414425,63.0,23.825998,13.826,9.900001,0.0,7.0,30.96837,57.96,316.7051,IAH
2023-04-30 00:00:00+00:00,29.98443527,-95.3414425,0.0,28.026,10.226,0.0,0.0,0.0,14.480773,51.839996,270.47424,IAH
2023-05-01 00:00:00+00:00,29.98443527,-95.3414425,3.0,28.026,12.526,0.0,0.0,0.0,14.934577,25.199999,155.96982,IAH
2023-05-02 00:00:00+00:00,29.98443527,-95.3414425,51.0,26.925999,17.026,0.1,0.0,1.0,11.457958,26.64,116.22861,IAH
2023-05-03 00:00:00+00:00,29.98443527,-95.3414425,51.0,29.376,18.075998,0.1,0.0,1.0,17.148247,32.760002,122.03772,IAH
2023-05-04 00:00:00+00:00,29.98443527,-95.3414425,61.0,28.276,16.276,3.8999999,0.0,9.0,21.129883,39.96,148.07648,IAH
2023-05-05 00:00:00+00:00,29.98443527,-95.3414425,61.0,31.675999,22.325998,5.4,0.0,13.0,15.124284,38.88,175.26498,IAH
2023-05-06 00:00:00+00:00,29.98443527,-95.3414425,53.0,31.476,22.726,1.6,0.0,6.0,20.65848,38.519997,154.76642,IAH
2023-05-07 00:00:00+00:00,29.98443527,-95.3414425,61.0,28.626,23.175999,5.5,0.0,8.0,25.460936,45.0,148.0777,IAH
2023-05-08 00:00:00+00:00,29.98443527,-95.3414425,63.0,24.976,21.675999,9.600001,0.0,11.0,19.386591,36.719997,150.51265,IAH
2023-05-09 00:00:00+00:00,29.98443527,-95.3414425,63.0,23.876,21.575998,18.200003,0.0,10.0,20.94507,36.36,130.74802,IAH
2023-05-10 00:00:00+00:00,29.98443527,-95.3414425,65.0,23.575998,20.226,54.5,0.0,20.0,20.907913,39.239998,159.41325,IAH
2023-05-11 00:00:00+00:00,29.98443527,-95.3414425,63.0,27.825998,19.876,7.6,0.0,8.0,22.782625,44.639996,141.70677,IAH
2023-05-12 00:00:00+00:00,29.98443527,-95.3414425,65.0,28.575998,19.476,19.3,0.0,8.0,21.178896,39.96,133.03589,IAH
2023-05-13 00:00:00+00:00,29.98443527,-95.3414425,65.0,26.575998,20.925999,20.9,0.0,14.0,21.370783,40.32,122.212006,IAH
2023-05-14 00:00:00+00:00,29.98443527,-95.3414425,65.0,28.126,20.376,38.500004,0.0,20.0,22.725668,47.16,137.40225,IAH
2023-05-15 00:00:00+00:00,29.98443527,-95.3414425,63.0,27.925999,20.075998,19.0,0.0,8.0,17.713316,36.36,117.91365,IAH
2023-05-16 00:00:00+00:00,29.98443527,-95.3414425,61.0,28.825998,18.776,3.6999996,0.0,7.0,14.904173,31.319998,277.27487,IAH
2023-05-17 00:00:00+00:00,29.98443527,-95.3414425,51.0,28.825998,19.126,0.1,0.0,1.0,11.570515,23.759998,322.42334,IAH
2023-05-18 00:00:00+00:00,29.98443527,-95.3414425,1.0,29.476,18.276,0.0,0.0,0.0,8.759178,23.4,53.32016,IAH
2023-05-19 00:00:00+00:00,29.98443527,-95.3414425,3.0,30.825998,20.376,0.0,0.0,0.0,9.504272,22.319998,212.75089,IAH
2023-05-20 00:00:00+00:00,29.98443527,-95.3414425,51.0,31.226,21.476,0.5,0.0,3.0,18.03237,35.28,292.7569,IAH
2023-05-21 00:00:00+00:00,29.98443527,-95.3414425,55.0,26.575998,19.726,2.4999998,0.0,7.0,11.966954,24.48,15.552523,IAH
2023-05-22 00:00:00+00:00,29.98443527,-95.3414425,51.0,29.276,20.075998,0.1,0.0,1.0,8.891343,20.16,26.431564,IAH
2023-05-23 00:00:00+00:00,29.98443527,-95.3414425,51.0,29.726,18.925999,0.4,0.0,2.0,13.339445,28.44,313.2285,IAH
2023-05-24 00:00:00+00:00,29.98443527,-95.3414425,51.0,30.126,18.126,0.2,0.0,2.0,13.755579,26.28,15.524191,IAH
2023-05-25 00:00:00+00:00,29.98443527,-95.3414425,51.0,30.825998,19.726,0.1,0.0,1.0,11.304229,25.919998,49.17052,IAH
2023-05-26 00:00:00+00:00,29.98443527,-95.3414425,2.0,31.976,19.425999,0.0,0.0,0.0,10.931203,24.119999,32.416996,IAH
2023-05-27 00:00:00+00:00,29.98443527,-95.3414425,51.0,30.476,18.726,0.1,0.0,1.0,10.739832,21.96,101.862274,IAH
2023-05-28 00:00:00+00:00,29.98443527,-95.3414425,53.0,30.276,19.425999,1.5999999,0.0,2.0,14.186923,28.8,157.27998,IAH
2023-05-29 00:00:00+00:00,29.98443527,-95.3414425,63.0,27.726,21.075998,6.6,0.0,4.0,12.904882,27.359999,117.527824,IAH
2023-05-30 00:00:00+00:00,29.98443527,-95.3414425,63.0,30.325998,20.026,5.7,0.0,6.0,9.957108,27.359999,122.61048,IAH
2023-05-31 00:00:00+00:00,29.98443527,-95.3414425,53.0,30.876,19.726,2.2,0.0,9.0,13.104198,30.599998,94.93287,IAH
2023-06-01 00:00:00+00:00,29.98443527,-95.3414425,51.0,31.175999,20.376,0.9000001,0.0,6.0,14.689588,31.68,146.0508,IAH
2023-06-02 00:00:00+00:00,29.98443527,-95.3414425,51.0,31.776,20.876,0.7,0.0,4.0,12.641076,27.359999,158.1985,IAH
2023-06-03 00:00:00+00:00,29.98443527,-95.3414425,63.0,32.626,21.126,4.2,0.0,3.0,14.241629,33.12,207.34976,IAH
2023-06-04 00:00:00+00:00,29.98443527,-95.3414425,51.0,30.175999,20.726,0.4,0.0,2.0,15.683776,26.64,59.931454,IAH
2023-06-05 00:00:00+00:00,29.98443527,-95.3414425,63.0,27.575998,19.825998,12.6,0.0,10.0,13.849476,29.16,12.127032,IAH
2023-06-06 00:00:00+00:00,29.98443527,-95.3414425,53.0,30.075998,19.776,1.1,0.0,4.0,8.534353,18.359999,71.28362,IAH
2023-06-07 00:00:00+00:00,29.98443527,-95.3414425,51.0,31.976,19.575998,0.2,0.0,1.0,7.42159,19.08,265.86545,IAH
2023-06-08 00:00:00+00:00,29.98443527,-95.3414425,63.0,30.276,20.226,8.3,0.0,8.0,11.090103,42.12,269.56094,IAH
2023-06-09 00:00:00+00:00,29.98443527,-95.3414425,3.0,33.476,20.376,0.0,0.0,0.0,8.669949,18.0,239.25954,IAH
2023-06-10 00:00:00+00:00,29.98443527,-95.3414425,65.0,33.626,23.075998,9.7,0.0,4.0,19.373219,34.92,191.77911,IAH
2023-06-11 00:00:00+00:00,29.98443527,-95.3414425,65.0,35.426003,22.425999,14.400001,0.0,5.0,21.986542,40.68,214.39674,IAH
2023-06-12 00:00:00+00:00,29.98443527,-95.3414425,51.0,35.176003,23.126,0.2,0.0,2.0,18.089775,34.92,188.36583,IAH
2023-06-13 00:00:00+00:00,29.98443527,-95.3414425,51.0,35.426003,23.825998,0.1,0.0,1.0,19.602652,38.16,170.28563,IAH
2023-06-14 00:00:00+00:00,29.98443527,-95.3414425,51.0,35.626,26.325998,0.2,0.0,2.0,21.9718,43.56,176.3932,IAH
2023-06-15 00:00:00+00:00,29.98443527,-95.3414425,51.0,38.426003,26.126,0.1,0.0,1.0,21.647945,42.48,189.90903,IAH
2023-06-16 00:00:00+00:00,29.98443527,-95.3414425,53.0,38.576,25.526,0.6,0.0,2.0,20.799152,42.48,182.13914,IAH
2023-06-17 00:00:00+00:00,29.98443527,-95.3414425,63.0,37.526,24.376,3.8,0.0,1.0,32.88635,64.799995,190.07428,IAH
2023-06-18 00:00:00+00:00,29.98443527,-95.3414425,51.0,37.176003,25.825998,0.70000005,0.0,4.0,24.884306,55.8,186.95287,IAH
2023-06-19 00:00:00+00:00,29.98443527,-95.3414425,3.0,39.176003,25.825998,0.0,0.0,0.0,23.18579,43.56,191.73538,IAH
2023-06-20 00:00:00+00:00,29.98443527,-95.3414425,3.0,39.326,26.425999,0.0,0.0,0.0,19.13426,38.16,188.4292,IAH
2023-06-21 00:00:00+00:00,29.98443527,-95.3414425,55.0,35.276,25.476,1.2,0.0,2.0,20.466246,41.760002,172.3607,IAH
2023-06-22 00:00:00+00:00,29.98443527,-95.3414425,65.0,36.476,24.675999,21.8,0.0,4.0,19.373219,43.199997,133.5652,IAH
2023-06-23 00:00:00+00:00,29.98443527,-95.3414425,61.0,31.276,25.575998,4.2999997,0.0,7.0,15.315873,36.0,111.65952,IAH
2023-06-24 00:00:00+00:00,29.98443527,-95.3414425,3.0,36.976,25.876,0.0,0.0,0.0,22.314194,43.56,168.65686,IAH
2023-06-25 00:00:00+00:00,29.98443527,-95.3414425,51.0,38.126,26.526,0.6,0.0,3.0,20.898611,39.239998,189.9943,IAH
2023-06-26 00:00:00+00:00,29.98443527,-95.3414425,51.0,38.026,25.626,0.1,0.0,1.0,17.518356,40.68,190.65253,IAH
2023-06-27 00:00:00+00:00,29.98443527,-95.3414425,1.0,37.726,25.425999,0.0,0.0,0.0,16.854767,30.960001,197.93898,IAH
2023-06-28 00:00:00+00:00,29.98443527,-95.3414425,1.0,36.976,24.976,0.0,0.0,0.0,18.03237,32.399998,191.24196,IAH
2023-06-29 00:00:00+00:00,29.98443527,-95.3414425,1.0,36.826,25.876,0.0,0.0,0.0,16.78156,31.319998,176.99712,IAH
2023-06-30 00:00:00+00:00,29.98443527,-95.3414425,51.0,36.876,25.675999,0.2,0.0,2.0,19.734436,38.519997,171.94914,IAH
2023-07-01 00:00:00+00:00,29.98443527,-95.3414425,3.0,37.226,25.376,0.0,0.0,0.0,19.107151,41.399998,172.38425,IAH
2023-07-02 00:00:00+00:00,29.98443527,-95.3414425,61.0,35.476,26.325998,3.0,0.0,4.0,11.159999,27.72,188.3006,IAH
2023-07-03 00:00:00+00:00,29.98443527,-95.3414425,53.0,34.776,23.026,1.0,0.0,3.0,11.269782,27.0,176.57007,IAH
2023-07-04 00:00:00+00:00,29.98443527,-95.3414425,51.0,35.376,26.126,0.6,0.0,3.0,18.709612,39.239998,178.57742,IAH
2023-07-05 00:00:00+00:00,29.98443527,-95.3414425,63.0,34.126,25.175999,7.1,0.0,7.0,16.981165,36.0,154.99553,IAH
2023-07-06 00:00:00+00:00,29.98443527,-95.3414425,65.0,30.476,23.976,15.3,0.0,10.0,13.479583,33.839996,153.85132,IAH
2023-07-07 00:00:00+00:00,29.98443527,-95.3414425,61.0,30.825998,23.876,3.5,0.0,8.0,15.484185,33.48,150.55469,IAH
2023-07-08 00:00:00+00:00,29.98443527,-95.3414425,55.0,33.676003,23.726,2.1,0.0,4.0,13.684735,29.519999,184.02998,IAH
2023-07-09 00:00:00+00:00,29.98443527,-95.3414425,53.0,34.376,25.376,2.1000001,0.0,9.0,15.281989,32.760002,201.81891,IAH
2023-07-10 00:00:00+00:00,29.98443527,-95.3414425,51.0,35.126,25.675999,0.6,0.0,4.0,16.167967,31.319998,204.52112,IAH
2023-07-11 00:00:00+00:00,29.98443527,-95.3414425,51.0,36.026,25.776,0.6,0.0,3.0,16.808569,31.68,201.52486,IAH
2023-07-12 00:00:00+00:00,29.98443527,-95.3414425,51.0,38.026,25.925999,0.1,0.0,1.0,19.174856,38.88,196.0356,IAH
2023-07-13 00:00:00+00:00,29.98443527,-95.3414425,51.0,38.176003,26.276,0.1,0.0,1.0,21.24,41.039997,190.90666,IAH
2023-07-14 00:00:00+00:00,29.98443527,-95.3414425,3.0,37.976,25.976,0.0,0.0,0.0,21.626984,44.639996,191.64832,IAH
2023-07-15 00:00:00+00:00,29.98443527,-95.3414425,51.0,38.626,25.776,0.2,0.0,2.0,18.94024,42.12,201.65918,IAH
2023-07-16 00:00:00+00:00,29.98443527,-95.3414425,3.0,38.426003,25.526,0.0,0.0,0.0,17.339897,30.960001,234.93773,IAH
2023-07-17 00:00:00+00:00,29.98443527,-95.3414425,3.0,37.526,25.825998,0.0,0.0,0.0,13.397612,25.919998,195.66539,IAH
2023-07-18 00:00:00+00:00,29.98443527,-95.3414425,3.0,37.576,25.925999,0.0,0.0,0.0,16.56,30.599998,195.89645,IAH
2023-07-19 00:00:00+00:00,29.98443527,-95.3414425,51.0,38.026,25.876,0.1,0.0,1.0,18.847641,37.079998,180.38095,IAH
2023-07-20 00:00:00+00:00,29.98443527,-95.3414425,1.0,37.726,25.675999,0.0,0.0,0.0,18.532133,37.079998,177.47522,IAH
2023-07-21 00:00:00+00:00,29.98443527,-95.3414425,1.0,37.026,25.376,0.0,0.0,0.0,17.477621,35.28,197.50868,IAH
2023-07-22 00:00:00+00:00,29.98443527,-95.3414425,3.0,38.276,26.925999,0.0,0.0,0.0,15.856356,35.64,221.09941,IAH
2023-07-23 00:00:00+00:00,29.98443527,-95.3414425,63.0,35.426003,24.776,5.1,0.0,6.0,17.654686,38.16,88.83095,IAH
2023-07-24 00:00:00+00:00,29.98443527,-95.3414425,51.0,35.876,25.126,1.1,0.0,5.0,17.477621,39.6,144.3601,IAH
2023-07-25 00:00:00+00:00,29.98443527,-95.3414425,61.0,35.076,24.825998,1.8000001,0.0,5.0,15.815435,34.2,169.69519,IAH
2023-07-26 00:00:00+00:00,29.98443527,-95.3414425,53.0,35.926003,25.276,0.70000005,0.0,2.0,13.217443,27.72,170.1696,IAH
2023-07-27 00:00:00+00:00,29.98443527,-95.3414425,53.0,34.776,24.526,1.1,0.0,4.0,18.440998,36.719997,156.96915,IAH
2023-07-28 00:00:00+00:00,29.98443527,-95.3414425,51.0,35.176003,23.876,0.1,0.0,1.0,11.27553,27.72,166.72766,IAH
2023-07-29 00:00:00+00:00,29.98443527,-95.3414425,3.0,35.826,24.675999,0.0,0.0,0.0,13.049689,29.16,186.44589,IAH
2023-07-30 00:00:00+00:00,29.98443527,-95.3414425,3.0,37.126,25.626,0.0,0.0,0.0,21.485697,39.96,191.15088,IAH
2023-07-31 00:00:00+00:00,29.98443527,-95.3414425,3.0,38.126,25.976,0.0,0.0,0.0,13.979871,27.0,200.50508,IAH
2023-08-01 00:00:00+00:00,29.98443527,-95.3414425,63.0,36.976,24.626,10.0,0.0,4.0,15.137133,44.639996,179.09062,IAH
2023-08-02 00:00:00+00:00,29.98443527,-95.3414425,51.0,37.676003,25.825998,0.1,0.0,1.0,18.723461,37.44,170.01509,IAH
2023-08-03 00:00:00+00:00,29.98443527,-95.3414425,51.0,37.326,26.075998,0.1,0.0,1.0,16.299694,37.44,172.76894,IAH
2023-08-04 00:00:00+00:00,29.98443527,-95.3414425,51.0,37.976,26.425999,0.3,0.0,3.0,17.518356,33.12,194.30559,IAH
2023-08-05 00:00:00+00:00,29.98443527,-95.3414425,2.0,38.026,26.825998,0.0,0.0,0.0,21.288757,38.88,197.43867,IAH
2023-08-06 00:00:00+00:00,29.98443527,-95.3414425,3.0,38.326,26.825998,0.0,0.0,0.0,18.532133,34.92,194.28674,IAH
2023-08-07 00:00:00+00:00,29.98443527,-95.3414425,1.0,38.426003,27.325998,0.0,0.0,0.0,21.046917,39.6,195.40999,IAH
2023-08-08 00:00:00+00:00,29.98443527,-95.3414425,51.0,38.876,27.425999,0.2,0.0,2.0,22.545315,43.56,187.69968,IAH
2023-08-09 00:00:00+00:00,29.98443527,-95.3414425,51.0,39.026,27.476,0.1,0.0,1.0,22.33161,47.519997,192.37282,IAH
2023-08-10 00:00:00+00:00,29.98443527,-95.3414425,0.0,39.276,27.575998,0.0,0.0,0.0,21.288757,44.639996,191.11017,IAH
2023-08-11 00:00:00+00:00,29.98443527,-95.3414425,51.0,39.476,27.726,0.2,0.0,2.0,19.08,38.16,195.35469,IAH
2023-08-12 00:00:00+00:00,29.98443527,-95.3414425,3.0,39.976,27.876,0.0,0.0,0.0,20.12461,41.399998,188.58353,IAH
2023-08-13 00:00:00+00:00,29.98443527,-95.3414425,51.0,39.676003,25.925999,0.1,0.0,1.0,21.746502,42.839996,185.22092,IAH
2023-08-14 00:00:00+00:00,29.98443527,-95.3414425,3.0,39.626,26.276,0.0,0.0,0.0,18.681883,41.039997,195.51822,IAH
2023-08-15 00:00:00+00:00,29.98443527,-95.3414425,3.0,39.626,28.626,0.0,0.0,0.0,18.374111,37.44,264.04288,IAH
2023-08-16 00:00:00+00:00,29.98443527,-95.3414425,1.0,38.126,25.575998,0.0,0.0,0.0,14.88242,28.44,24.239033,IAH
2023-08-17 00:00:00+00:00,29.98443527,-95.3414425,0.0,39.776,24.276,0.0,0.0,0.0,11.609651,23.4,197.035,IAH
2023-08-18 00:00:00+00:00,29.98443527,-95.3414425,2.0,39.326,26.325998,0.0,0.0,0.0,26.064596,47.88,190.1144,IAH
2023-08-19 00:00:00+00:00,29.98443527,-95.3414425,51.0,39.626,25.776,0.5,0.0,2.0,15.937878,28.8,198.11441,IAH
2023-08-20 00:00:00+00:00,29.98443527,-95.3414425,3.0,40.526,27.276,0.0,0.0,0.0,14.408997,31.68,230.65248,IAH
2023-08-21 00:00:00+00:00,29.98443527,-95.3414425,51.0,39.376,27.925999,0.2,0.0,1.0,18.72,47.519997,112.14409,IAH
2023-08-22 00:00:00+00:00,29.98443527,-95.3414425,55.0,36.476,26.925999,2.1000001,0.0,5.0,24.448214,49.68,91.8349,IAH
2023-08-23 00:00:00+00:00,29.98443527,-95.3414425,3.0,38.526,26.476,0.0,0.0,0.0,15.463246,41.399998,113.673775,IAH
2023-08-24 00:00:00+00:00,29.98443527,-95.3414425,3.0,40.226,27.425999,0.0,0.0,0.0,11.367109,24.119999,235.04713,IAH
2023-08-25 00:00:00+00:00,29.98443527,-95.3414425,51.0,39.026,27.325998,0.1,0.0,1.0,17.873556,38.519997,144.39868,IAH
2023-08-26 00:00:00+00:00,29.98443527,-95.3414425,3.0,39.126,25.825998,0.0,0.0,0.0,14.799459,33.12,152.13042,IAH
2023-08-27 00:00:00+00:00,29.98443527,-95.3414425,1.0,42.176003,26.626,0.0,0.0,0.0,14.408997,29.519999,242.14201,IAH
2023-08-28 00:00:00+00:00,29.98443527,-95.3414425,53.0,36.826,25.825998,0.9,0.0,4.0,23.576563,53.28,4.916484,IAH
2023-08-29 00:00:00+00:00,29.98443527,-95.3414425,51.0,36.326,26.726,0.1,0.0,1.0,21.41319,44.639996,19.910292,IAH
2023-08-30 00:00:00+00:00,29.98443527,-95.3414425,3.0,37.226,23.726,0.0,0.0,0.0,17.208603,38.16,18.784143,IAH
2023-08-31 00:00:00+00:00,29.98443527,-95.3414425,1.0,36.126,23.226,0.0,0.0,0.0,12.594856,29.88,48.753075,IAH
2023-09-01 00:00:00+00:00,29.98443527,-95.3414425,1.0,36.576,24.126,0.0,0.0,0.0,10.97262,24.119999,53.851944,IAH
2023-09-02 00:00:00+00:00,29.98443527,-95.3414425,53.0,37.026,24.776,0.8,0.0,2.0,12.904882,28.8,106.53493,IAH
2023-09-03 00:00:00+00:00,29.98443527,-95.3414425,1.0,37.026,26.575998,0.0,0.0,0.0,19.513195,39.96,168.95505,IAH
2023-09-04 00:00:00+00:00,29.98443527,-95.3414425,51.0,35.726,24.325998,0.5,0.0,4.0,20.3774,43.92,171.451,IAH
2023-09-05 00:00:00+00:00,29.98443527,-95.3414425,53.0,36.526,26.175999,1.3000001,0.0,4.0,18.775303,38.88,161.1023,IAH
2023-09-06 00:00:00+00:00,29.98443527,-95.3414425,51.0,37.326,25.626,0.3,0.0,3.0,15.0038395,32.399998,175.22481,IAH
2023-09-07 00:00:00+00:00,29.98443527,-95.3414425,1.0,38.476,26.476,0.0,0.0,0.0,14.154915,32.039997,207.85002,IAH
2023-09-08 00:00:00+00:00,29.98443527,-95.3414425,51.0,39.476,26.776,0.2,0.0,1.0,21.09305,41.039997,201.56587,IAH
2023-09-09 00:00:00+00:00,29.98443527,-95.3414425,53.0,36.376,24.276,0.90000004,0.0,2.0,23.977188,48.239998,67.05645,IAH
2023-09-10 00:00:00+00:00,29.98443527,-95.3414425,2.0,35.476,24.126,0.0,0.0,0.0,11.923557,42.839996,40.334908,IAH
2023-09-11 00:00:00+00:00,29.98443527,-95.3414425,3.0,35.226,21.226,0.0,0.0,0.0,11.269782,23.039999,50.95809,IAH
2023-09-12 00:00:00+00:00,29.98443527,-95.3414425,3.0,35.776,23.675999,0.0,0.0,0.0,10.08,24.84,206.43236,IAH
2023-09-13 00:00:00+00:00,29.98443527,-95.3414425,51.0,32.676003,25.675999,0.70000005,0.0,3.0,18.345877,40.32,229.48201,IAH
2023-09-14 00:00:00+00:00,29.98443527,-95.3414425,63.0,30.175999,23.075998,23.7,0.0,15.0,11.923557,27.0,127.6943,IAH
2023-09-15 00:00:00+00:00,29.98443527,-95.3414425,65.0,31.026,22.276,13.000001,0.0,11.0,14.118243,25.56,96.0352,IAH
2023-09-16 00:00:00+00:00,29.98443527,-95.3414425,61.0,30.425999,22.075998,2.6,0.0,6.0,10.703569,25.56,356.52374,IAH
2023-09-17 00:00:00+00:00,29.98443527,-95.3414425,51.0,31.675999,21.925999,0.2,0.0,2.0,10.105681,21.96,358.70395,IAH
2023-09-18 00:00:00+00:00,29.98443527,-95.3414425,2.0,31.726,20.825998,0.0,0.0,0.0,10.538843,19.44,58.712296,IAH
2023-09-19 00:00:00+00:00,29.98443527,-95.3414425,1.0,31.976,19.425999,0.0,0.0,0.0,14.336861,26.28,146.07018,IAH
2023-09-20 00:00:00+00:00,29.98443527,-95.3414425,2.0,33.026,22.425999,0.0,0.0,0.0,15.349684,31.68,151.00504,IAH
2023-09-21 00:00:00+00:00,29.98443527,-95.3414425,51.0,33.576,24.175999,0.4,0.0,4.0,17.31746,33.12,128.08458,IAH
2023-09-22 00:00:00+00:00,29.98443527,-95.3414425,61.0,33.476,24.376,3.6999996,0.0,9.0,16.489416,32.399998,139.45024,IAH
2023-09-23 00:00:00+00:00,29.98443527,-95.3414425,53.0,34.476,24.175999,0.70000005,0.0,2.0,13.493999,30.239998,154.69698,IAH
2023-09-24 00:00:00+00:00,29.98443527,-95.3414425,53.0,35.426003,24.675999,0.7,0.0,1.0,19.008545,38.88,182.31697,IAH
2023-09-25 00:00:00+00:00,29.98443527,-95.3414425,63.0,30.925999,22.876,13.0,0.0,6.0,17.698677,33.48,167.72423,IAH
2023-09-26 00:00:00+00:00,29.98443527,-95.3414425,63.0,32.626,22.925999,2.9999998,0.0,3.0,11.609651,23.4,73.4126,IAH
2023-09-27 00:00:00+00:00,29.98443527,-95.3414425,53.0,32.226,22.476,0.9,0.0,4.0,9.422101,21.96,125.53782,IAH
2023-09-28 00:00:00+00:00,29.98443527,-95.3414425,61.0,32.976,22.526,1.9000001,0.0,2.0,9.007196,20.519999,114.2417,IAH
2023-09-29 00:00:00+00:00,29.98443527,-95.3414425,51.0,33.276,23.376,0.2,0.0,2.0,13.004921,30.239998,104.90668,IAH
2023-09-30 00:00:00+00:00,29.98443527,-95.3414425,0.0,35.126,23.675999,0.0,0.0,0.0,16.516901,34.2,93.23963,IAH
2023-10-01 00:00:00+00:00,29.98443527,-95.3414425,3.0,34.976,22.526,0.0,0.0,0.0,17.462784,37.8,84.0258,IAH
2023-10-02 00:00:00+00:00,29.98443527,-95.3414425,3.0,33.926003,22.526,0.0,0.0,0.0,16.75064,36.719997,84.251465,IAH
2023-10-03 00:00:00+00:00,29.98443527,-95.3414425,65.0,29.925999,23.226,31.000002,0.0,11.0,19.35314,39.6,103.71372,IAH
2023-10-04 00:00:00+00:00,29.98443527,-95.3414425,63.0,29.425999,23.575998,14.700001,0.0,15.0,21.566973,40.32,140.00072,IAH
2023-10-05 00:00:00+00:00,29.98443527,-95.3414425,65.0,25.126,22.075998,40.3,0.0,13.0,19.995398,35.64,210.06866,IAH
2023-10-06 00:00:00+00:00,29.98443527,-95.3414425,3.0,29.126,20.226,0.0,0.0,0.0,21.479664,41.399998,15.925082,IAH
2023-10-07 00:00:00+00:00,29.98443527,-95.3414425,3.0,25.026,19.026,0.0,0.0,0.0,19.211996,38.519997,13.733616,IAH
2023-10-08 00:00:00+00:00,29.98443527,-95.3414425,3.0,22.776,12.626,0.0,0.0,0.0,11.792404,20.519999,22.790638,IAH
2023-10-09 00:00:00+00:00,29.98443527,-95.3414425,3.0,26.575998,12.926,0.0,0.0,0.0,10.041354,24.119999,206.8588,IAH
2023-10-10 00:00:00+00:00,29.98443527,-95.3414425,3.0,25.825998,17.726,0.0,0.0,0.0,11.753877,23.039999,164.75546,IAH
2023-10-11 00:00:00+00:00,29.98443527,-95.3414425,63.0,22.226,18.675999,21.000002,0.0,19.0,17.313717,32.399998,74.647194,IAH
2023-10-12 00:00:00+00:00,29.98443527,-95.3414425,3.0,25.476,15.776,0.0,0.0,0.0,13.276144,26.64,114.45477,IAH
2023-10-13 00:00:00+00:00,29.98443527,-95.3414425,55.0,28.325998,18.925999,2.6,0.0,7.0,15.7908325,28.44,106.07961,IAH
2023-10-14 00:00:00+00:00,29.98443527,-95.3414425,2.0,26.825998,17.276,0.0,0.0,0.0,18.681883,36.719997,344.68625,IAH
2023-10-15 00:00:00+00:00,29.98443527,-95.3414425,0.0,21.325998,13.276,0.0,0.0,0.0,23.469128,46.8,343.4114,IAH
2023-10-16 00:00:00+00:00,29.98443527,-95.3414425,0.0,19.825998,11.376,0.0,0.0,0.0,19.721298,39.6,348.52496,IAH
2023-10-17 00:00:00+00:00,29.98443527,-95.3414425,0.0,21.976,8.276,0.0,0.0,0.0,9.19939,25.199999,353.7132,IAH
2023-10-18 00:00:00+00:00,29.98443527,-95.3414425,1.0,27.226,11.476,0.0,0.0,0.0,17.026896,33.839996,169.57747,IAH
2023-10-19 00:00:00+00:00,29.98443527,-95.3414425,3.0,29.476,15.976,0.0,0.0,0.0,14.934577,30.239998,199.58508,IAH
2023-10-20 00:00:00+00:00,29.98443527,-95.3414425,3.0,31.925999,15.326,0.0,0.0,0.0,12.313893,27.0,265.9047,IAH
2023-10-21 00:00:00+00:00,29.98443527,-95.3414425,3.0,32.026,16.175999,0.0,0.0,0.0,10.966713,21.24,229.3324,IAH
2023-10-22 00:00:00+00:00,29.98443527,-95.3414425,51.0,30.126,20.325998,0.3,0.0,2.0,17.673029,34.56,163.51747,IAH
2023-10-23 00:00:00+00:00,29.98443527,-95.3414425,65.0,29.376,21.526,9.8,0.0,6.0,23.0653,43.199997,134.64415,IAH
2023-10-24 00:00:00+00:00,29.98443527,-95.3414425,3.0,29.476,23.476,0.0,0.0,0.0,26.865265,51.48,138.31609,IAH
2023-10-25 00:00:00+00:00,29.98443527,-95.3414425,51.0,28.976,22.175999,1.6,0.0,8.0,23.441502,46.079998,129.36522,IAH
2023-10-26 00:00:00+00:00,29.98443527,-95.3414425,63.0,27.876,22.175999,19.500002,0.0,20.0,20.390114,42.12,145.68239,IAH
2023-10-27 00:00:00+00:00,29.98443527,-95.3414425,63.0,29.575998,22.726,13.700002,0.0,12.0,15.30741,26.64,136.24258,IAH
2023-10-28 00:00:00+00:00,29.98443527,-95.3414425,53.0,28.825998,22.575998,1.8000002,0.0,7.0,18.440998,36.36,139.36801,IAH
2023-10-29 00:00:00+00:00,29.98443527,-95.3414425,55.0,29.126,22.325998,2.3000002,0.0,7.0,15.530151,29.16,141.45396,IAH
2023-10-30 00:00:00+00:00,29.98443527,-95.3414425,61.0,21.726,8.276,3.3999999,0.0,7.0,29.215502,54.36,349.37585,IAH
2023-10-31 00:00:00+00:00,29.98443527,-95.3414425,61.0,14.676,7.876,3.4999998,0.0,6.0,20.316889,40.32,351.00595,IAH
2023-11-01 00:00:00+00:00,29.98443527,-95.3414425,0.0,15.126,4.876,0.0,0.0,0.0,15.226764,27.0,5.1259384,IAH
2023-11-02 00:00:00+00:00,29.98443527,-95.3414425,3.0,17.425999,3.676,0.0,0.0,0.0,9.021574,21.96,63.888718,IAH
2023-11-03 00:00:00+00:00,29.98443527,-95.3414425,3.0,22.526,8.476,0.0,0.0,0.0,9.3876505,18.359999,112.093,IAH
2023-11-04 00:00:00+00:00,29.98443527,-95.3414425,3.0,25.126,12.876,0.0,0.0,0.0,10.948973,25.199999,122.70684,IAH
2023-11-05 00:00:00+00:00,29.98443527,-95.3414425,51.0,26.925999,15.326,0.1,0.0,1.0,10.365251,20.880001,153.09227,IAH
2023-11-06 00:00:00+00:00,29.98443527,-95.3414425,3.0,27.126,17.675999,0.0,0.0,0.0,15.315873,30.960001,187.35228,IAH
2023-11-07 00:00:00+00:00,29.98443527,-95.3414425,3.0,29.526,18.425999,0.0,0.0,0.0,20.883104,39.96,187.71468,IAH
2023-11-08 00:00:00+00:00,29.98443527,-95.3414425,51.0,29.175999,20.175999,0.3,0.0,3.0,19.137648,38.16,183.0393,IAH
2023-11-09 00:00:00+00:00,29.98443527,-95.3414425,53.0,26.325998,19.276,2.6000001,0.0,6.0,16.267857,29.16,149.68117,IAH
2023-11-10 00:00:00+00:00,29.98443527,-95.3414425,65.0,21.925999,15.426,46.8,0.0,18.0,18.775301,35.64,359.70236,IAH
2023-11-11 00:00:00+00:00,29.98443527,-95.3414425,51.0,17.575998,13.126,0.1,0.0,1.0,15.1884165,27.72,20.970215,IAH
2023-11-12 00:00:00+00:00,29.98443527,-95.3414425,61.0,18.575998,14.676,2.6999998,0.0,6.0,15.124284,29.88,25.134922,IAH
2023-11-13 00:00:00+00:00,29.98443527,-95.3414425,63.0,17.526,14.326,51.800003,0.0,23.0,16.92383,31.319998,31.27122,IAH
2023-11-14 00:00:00+00:00,29.98443527,-95.3414425,63.0,20.575998,13.476,5.2000003,0.0,3.0,15.629971,31.319998,14.254691,IAH
2023-11-15 00:00:00+00:00,29.98443527,-95.3414425,3.0,22.675999,11.476,0.0,0.0,0.0,14.973576,30.239998,0.40131944,IAH
2023-11-16 00:00:00+00:00,29.98443527,-95.3414425,3.0,19.976,15.076,0.0,0.0,0.0,13.551501,24.48,36.86999,IAH
2023-11-17 00:00:00+00:00,29.98443527,-95.3414425,3.0,23.526,12.426,0.0,0.0,0.0,8.854829,21.96,224.10689,IAH
2023-11-18 00:00:00+00:00,29.98443527,-95.3414425,3.0,23.626,17.276,0.0,0.0,0.0,12.181624,25.919998,8.426873,IAH
2023-11-19 00:00:00+00:00,29.98443527,-95.3414425,3.0,21.925999,12.826,0.0,0.0,0.0,19.64228,39.6,109.42771,IAH
2023-11-20 00:00:00+00:00,29.98443527,-95.3414425,63.0,25.126,18.425999,13.1,0.0,11.0,19.61587,45.719997,170.77464,IAH
2023-11-21 00:00:00+00:00,29.98443527,-95.3414425,53.0,19.726,12.976,0.8,0.0,1.0,26.089447,49.68,333.2777,IAH
2023-11-22 00:00:00+00:00,29.98443527,-95.3414425,3.0,14.276,6.326,0.0,0.0,0.0,18.792551,38.519997,331.07196,IAH
2023-11-23 00:00:00+00:00,29.98443527,-95.3414425,51.0,12.226,6.226,0.1,0.0,1.0,7.8954163,13.32,7.747638,IAH
2023-11-24 00:00:00+00:00,29.98443527,-95.3414425,3.0,18.325998,7.376,0.0,0.0,0.0,10.009036,24.119999,66.02447,IAH
2023-11-25 00:00:00+00:00,29.98443527,-95.3414425,3.0,18.075998,7.576,0.0,0.0,0.0,15.328561,33.12,67.475426,IAH
2023-11-26 00:00:00+00:00,29.98443527,-95.3414425,51.0,15.576,11.676,0.5,0.0,3.0,24.606731,48.6,353.26953,IAH
2023-11-27 00:00:00+00:00,29.98443527,-95.3414425,3.0,13.576,4.776,0.0,0.0,0.0,15.542662,29.519999,3.9425263,IAH
2023-11-28 00:00:00+00:00,29.98443527,-95.3414425,3.0,15.626,6.426,0.0,0.0,0.0,10.390226,20.519999,36.656208,IAH
2023-11-29 00:00:00+00:00,29.98443527,-95.3414425,3.0,18.675999,5.176,0.0,0.0,0.0,16.29174,30.599998,144.15375,IAH
2023-11-30 00:00:00+00:00,29.98443527,-95.3414425,63.0,21.675999,14.726,12.600001,0.0,16.0,26.576681,49.68,137.0993,IAH
2023-12-01 00:00:00+00:00,29.98443527,-95.3414425,63.0,20.675999,15.876,9.9,0.0,5.0,22.065973,41.760002,313.39404,IAH
2023-12-02 00:00:00+00:00,29.98443527,-95.3414425,51.0,19.526,14.276,1.6000001,0.0,9.0,14.113653,25.199999,2.93562,IAH
2023-12-03 00:00:00+00:00,29.98443527,-95.3414425,3.0,21.175999,8.976,0.0,0.0,0.0,10.703569,19.44,287.75497,IAH
2023-12-04 00:00:00+00:00,29.98443527,-95.3414425,3.0,19.776,10.526,0.0,0.0,0.0,15.379206,27.72,292.49496,IAH
2023-12-05 00:00:00+00:00,29.98443527,-95.3414425,3.0,20.376,6.976,0.0,0.0,0.0,11.019764,15.4800005,41.52829,IAH
2023-12-06 00:00:00+00:00,29.98443527,-95.3414425,3.0,17.776,8.676,0.0,0.0,0.0,13.584932,25.919998,36.20267,IAH
2023-12-07 00:00:00+00:00,29.98443527,-95.3414425,3.0,20.425999,6.776,0.0,0.0,0.0,17.298738,34.56,157.25163,IAH
2023-12-08 00:00:00+00:00,29.98443527,-95.3414425,53.0,24.325998,15.426,2.3999999,0.0,10.0,26.368616,49.32,175.14853,IAH
2023-12-09 00:00:00+00:00,29.98443527,-95.3414425,63.0,25.825998,20.575998,6.9,0.0,11.0,17.373497,34.92,206.96669,IAH
2023-12-10 00:00:00+00:00,29.98443527,-95.3414425,63.0,18.876,8.176,7.7,0.0,2.0,27.086262,50.039997,337.7918,IAH
2023-12-11 00:00:00+00:00,29.98443527,-95.3414425,0.0,15.926,2.176,0.0,0.0,0.0,9.585739,20.16,60.945465,IAH
2023-12-12 00:00:00+00:00,29.98443527,-95.3414425,3.0,18.175999,6.876,0.0,0.0,0.0,13.75558,29.88,100.40219,IAH
2023-12-13 00:00:00+00:00,29.98443527,-95.3414425,63.0,12.876,9.226,14.5,0.0,5.0,14.799459,25.919998,67.75807,IAH
2023-12-14 00:00:00+00:00,29.98443527,-95.3414425,51.0,20.126,10.226,0.2,0.0,1.0,15.893093,31.68,69.63959,IAH
2023-12-15 00:00:00+00:00,29.98443527,-95.3414425,51.0,21.226,12.476,1.1,0.0,5.0,16.375053,32.760002,94.83328,IAH
2023-12-16 00:00:00+00:00,29.98443527,-95.3414425,65.0,17.175999,10.876,29.700003,0.0,9.0,19.137648,39.6,340.6619,IAH
2023-12-17 00:00:00+00:00,29.98443527,-95.3414425,1.0,17.626,4.026,0.0,0.0,0.0,13.32,25.199999,331.84518,IAH
2023-12-18 00:00:00+00:00,29.98443527,-95.3414425,0.0,19.726,6.176,0.0,0.0,0.0,11.570515,24.48,303.81586,IAH
2023-12-19 00:00:00+00:00,29.98443527,-95.3414425,3.0,16.325998,6.076,0.0,0.0,0.0,13.281023,28.44,67.76563,IAH
2023-12-20 00:00:00+00:00,29.98443527,-95.3414425,3.0,20.325998,10.376,0.0,0.0,0.0,17.566378,34.2,109.60415,IAH
2023-12-21 00:00:00+00:00,29.98443527,-95.3414425,3.0,21.425999,12.226,0.0,0.0,0.0,16.075521,31.68,106.5554,IAH
2023-12-22 00:00:00+00:00,29.98443527,-95.3414425,51.0,23.226,13.826,1.1,0.0,4.0,12.096214,25.56,111.28275,IAH
2023-12-23 00:00:00+00:00,29.98443527,-95.3414425,61.0,22.726,15.126,3.5,0.0,5.0,20.26899,40.32,128.89067,IAH
2023-12-24 00:00:00+00:00,29.98443527,-95.3414425,63.0,20.925999,17.026,48.7,0.0,22.0,18.626305,33.839996,142.37508,IAH
2023-12-25 00:00:00+00:00,29.98443527,-95.3414425,3.0,16.776,7.826,0.0,0.0,0.0,20.523157,37.079998,316.45905,IAH
2023-12-26 00:00:00+00:00,29.98443527,-95.3414425,3.0,13.876,4.576,0.0,0.0,0.0,10.829959,21.96,28.975975,IAH
2023-12-27 00:00:00+00:00,29.98443527,-95.3414425,3.0,16.925999,6.276,0.0,0.0,0.0,17.31746,35.28,294.15,IAH
2023-12-28 00:00:00+00:00,29.98443527,-95.3414425,0.0,12.926,3.176,0.0,0.0,0.0,21.599998,41.760002,330.96945,IAH
2023-12-29 00:00:00+00:00,29.98443527,-95.3414425,0.0,11.726,2.276,0.0,0.0,0.0,15.84409,32.039997,316.33868,IAH
2023-12-30 00:00:00+00:00,29.98443527,-95.3414425,0.0,16.626,1.126,0.0,0.0,0.0,10.239453,20.519999,281.141,IAH
2023-12-31 00:00:00+00:00,29.98443527,-95.3414425,3.0,21.126,4.026,0.0,0.0,0.0,16.704155,33.839996,204.52426,IAH
